year,state,Working_Age_Population_thousands,sex, Employed_Person_in_Thousands,Employment_Rate
1982,Johor,498.5,Male,408.6,0.819658977
1982,Kedah,324.5,Male,260.8,0.803697997
1982,Kelantan,248,Male,185.2,0.746774194
1982,Melaka,132.8,Male,109.1,0.821536145
1982,Negeri Sembilan,168.9,Male,136.8,0.809946714
1982,Pahang,247.1,Male,186.2,0.753541076
1982,Pulau Pinang,301.9,Male,253.1,0.838357072
1982,Perak,513.5,Male,386.4,0.75248296
1982,Perlis,46.1,Male,38.3,0.830802603
1982,Selangor,503.2,Male,449.2,0.892686804
1982,Terengganu,156.7,Male,144.3,0.9208679
1982,Sabah,341.6,Male,271.2,0.793911007
1982,Sarawak,386.5,Male,329.8,0.853298836
1982,W.P. Kuala Lumpur,341.2,Male,306.2,0.897420868
1982,Johor,495.9,Female,221.6,0.446864287
1982,Kedah,342.8,Female,128.1,0.373687281
1982,Kelantan,263.4,Female,119,0.451784358
1982,Melaka,146.4,Female,58,0.396174863
1982,Negeri Sembilan,173.9,Female,79.5,0.457159287
1982,Pahang,219.5,Female,84,0.382687927
1982,Pulau Pinang,314.2,Female,129.2,0.411203055
1982,Perak,540.6,Female,217.6,0.402515723
1982,Perlis,47.2,Female,17.4,0.368644068
1982,Selangor,492.2,Female,227.7,0.462616822
1982,Terengganu,157.6,Female,76.8,0.487309645
1982,Sabah,293.1,Female,72.4,0.247014671
1982,Sarawak,384.7,Female,194.9,0.506628542
1982,W.P. Kuala Lumpur,318.4,Female,157.4,0.494346734
1983,Johor,519.2,Male,402.2,0.774653313
1983,Kedah,334.4,Male,237.8,0.711124402
1983,Kelantan,255.7,Male,182.2,0.712553774
1983,Melaka,136.2,Male,103,0.756240822
1983,Negeri Sembilan,173.8,Male,134.5,0.773878021
1983,Pahang,255.5,Male,229.3,0.897455969
1983,Pulau Pinang,308.3,Male,262.2,0.850470321
1983,Perak,524.1,Male,422.4,0.805953062
1983,Perlis,47.1,Male,47,0.997876858
1983,Selangor,530.4,Male,489,0.921945701
1983,Terengganu,164.1,Male,157.6,0.960390006
1983,Sabah,363.4,Male,284.4,0.782608696
1983,Sarawak,402.2,Male,337.9,0.840129289
1983,W.P. Kuala Lumpur,347.2,Male,280.9,0.809043779
1983,Johor,511.8,Female,221.5,0.432786245
1983,Kedah,351.7,Female,135.8,0.386124538
1983,Kelantan,271.3,Female,100.3,0.369701438
1983,Melaka,149.1,Female,62.5,0.419181757
1983,Negeri Sembilan,178.6,Female,80.5,0.450727884
1983,Pahang,227.1,Female,104.2,0.45882871
1983,Pulau Pinang,320.6,Female,142.6,0.444791017
1983,Perak,549.7,Female,246.8,0.448972167
1983,Perlis,47.7,Female,16.8,0.352201258
1983,Selangor,517.5,Female,251,0.485024155
1983,Terengganu,163.8,Female,79.3,0.484126984
1983,Sabah,311.2,Female,93.3,0.299807198
1983,Sarawak,397.2,Female,202.1,0.508811682
1983,W.P. Kuala Lumpur,327.2,Female,149.8,0.457823961
1984,Johor,538.1,Male,433.9,0.806355696
1984,Kedah,341.1,Male,277.6,0.813837584
1984,Kelantan,261,Male,199.8,0.765517241
1984,Melaka,138.5,Male,101.8,0.735018051
1984,Negeri Sembilan,178.6,Male,146,0.817469205
1984,Pahang,263.4,Male,211,0.801063022
1984,Pulau Pinang,315,Male,257.5,0.817460317
1984,Perak,533.6,Male,419.9,0.78691904
1984,Perlis,48.2,Male,43.5,0.902489627
1984,Selangor,558.9,Male,459.8,0.822687422
1984,Terengganu,170.1,Male,141.8,0.833627278
1984,Sabah,386.6,Male,282.1,0.729694775
1984,Sarawak,417.8,Male,353.4,0.845859263
1984,W.P. Kuala Lumpur,352.7,Male,321.9,0.91267366
1984,Johor,526.6,Female,223.4,0.424230915
1984,Kedah,357.2,Female,140,0.39193729
1984,Kelantan,276.8,Female,122.5,0.442557803
1984,Melaka,150.9,Female,60.8,0.402915838
1984,Negeri Sembilan,182.5,Female,77.3,0.423561644
1984,Pahang,234.5,Female,95.9,0.408955224
1984,Pulau Pinang,327.8,Female,126.2,0.384990848
1984,Perak,558.7,Female,239.7,0.429031681
1984,Perlis,49,Female,18.3,0.373469388
1984,Selangor,544.3,Female,230.5,0.423479699
1984,Terengganu,168.3,Female,62.7,0.37254902
1984,Sabah,331.2,Female,118.2,0.356884058
1984,Sarawak,410,Female,221.9,0.541219512
1984,W.P. Kuala Lumpur,335.7,Female,163.5,0.487042002
1985,Johor,557.3,Male,444.7,0.797954423
1985,Kedah,348.4,Male,269.2,0.772675086
1985,Kelantan,266.6,Male,198.7,0.745311328
1985,Melaka,140.8,Male,108.6,0.771306818
1985,Negeri Sembilan,182.7,Male,133.3,0.729611385
1985,Pahang,271.3,Male,227.8,0.839660892
1985,Pulau Pinang,321.4,Male,259.9,0.808649658
1985,Perak,538.9,Male,423.4,0.785674522
1985,Perlis,49.1,Male,43,0.875763747
1985,Selangor,589,Male,468.1,0.794736842
1985,Terengganu,176.6,Male,142.9,0.809173273
1985,Sabah,411.5,Male,283,0.687727825
1985,Sarawak,433.6,Male,359.6,0.829335793
1985,W.P. Kuala Lumpur,358.7,Male,326.3,0.909673822
1985,Johor,542.1,Female,228,0.420586608
1985,Kedah,364,Female,144.6,0.397252747
1985,Kelantan,281.8,Female,124.9,0.443222143
1985,Melaka,152.4,Female,61.5,0.403543307
1985,Negeri Sembilan,185.9,Female,77.5,0.416890802
1985,Pahang,241,Female,100.1,0.415352697
1985,Pulau Pinang,334.3,Female,128.2,0.383487885
1985,Perak,563.1,Female,246.2,0.437222518
1985,Perlis,49.8,Female,17.6,0.353413655
1985,Selangor,572.8,Female,238,0.415502793
1985,Terengganu,173,Female,69.6,0.402312139
1985,Sabah,353.1,Female,120.3,0.340696686
1985,Sarawak,422.7,Female,228,0.539389638
1985,W.P. Kuala Lumpur,345.4,Female,165.4,0.478865084
1986,Johor,577.4,Male,458.8,0.794596467
1986,Kedah,356.1,Male,281.1,0.789385004
1986,Kelantan,272.9,Male,212.3,0.777940638
1986,Melaka,142.8,Male,104.8,0.733893557
1986,Negeri Sembilan,187.2,Male,137.8,0.736111111
1986,Pahang,279.4,Male,217.5,0.77845383
1986,Pulau Pinang,328.4,Male,260.2,0.792326431
1986,Perak,544.9,Male,421.1,0.772802349
1986,Perlis,50,Male,39.8,0.796
1986,Selangor,621.2,Male,512.2,0.824533162
1986,Terengganu,183.5,Male,141.3,0.770027248
1986,Sabah,438.5,Male,288.2,0.657240593
1986,Sarawak,450,Male,370.7,0.823777778
1986,W.P. Kuala Lumpur,365.2,Male,297.1,0.813526835
1986,Johor,557.8,Female,241.6,0.433130154
1986,Kedah,371.1,Female,136.8,0.368633791
1986,Kelantan,287.4,Female,127.9,0.445024356
1986,Melaka,153.9,Female,65,0.422352177
1986,Negeri Sembilan,189.3,Female,75.7,0.399894348
1986,Pahang,248.2,Female,97.9,0.394439968
1986,Pulau Pinang,341.8,Female,131.2,0.383850205
1986,Perak,567.6,Female,248.8,0.438336857
1986,Perlis,50.6,Female,17.8,0.351778656
1986,Selangor,603.7,Female,264.8,0.438628458
1986,Terengganu,178.3,Female,77.1,0.432417274
1986,Sabah,375.5,Female,117.3,0.312383489
1986,Sarawak,435.4,Female,243.6,0.559485531
1986,W.P. Kuala Lumpur,356.5,Female,158,0.443197756
1987,Johor,596.8,Male,478.2,0.801273458
1987,Kedah,361.9,Male,282.1,0.779497099
1987,Kelantan,279.5,Male,214.1,0.766010733
1987,Melaka,144.6,Male,110.2,0.762102351
1987,Negeri Sembilan,191.4,Male,144.3,0.753918495
1987,Pahang,287,Male,228.9,0.797560976
1987,Pulau Pinang,334.9,Male,263.4,0.786503434
1987,Perak,548.4,Male,417.9,0.762035011
1987,Perlis,50.9,Male,43.3,0.850687623
1987,Selangor,653.8,Male,558.7,0.854542674
1987,Terengganu,190.6,Male,136,0.713536201
1987,Sabah,466.4,Male,300.1,0.643439108
1987,Sarawak,465.5,Male,391.8,0.841675618
1987,W.P. Kuala Lumpur,372.3,Male,289.6,0.777867311
1987,Johor,573.8,Female,254.6,0.443708609
1987,Kedah,377.2,Female,138,0.365853659
1987,Kelantan,292.6,Female,136.4,0.466165414
1987,Melaka,155.3,Female,66.5,0.428203477
1987,Negeri Sembilan,192.6,Female,77.5,0.40238837
1987,Pahang,255.2,Female,107,0.419278997
1987,Pulau Pinang,348.7,Female,141.5,0.405792945
1987,Perak,571,Female,252.6,0.442381786
1987,Perlis,51.6,Female,17.3,0.335271318
1987,Selangor,634.5,Female,306.3,0.482742317
1987,Terengganu,184,Female,73,0.39673913
1987,Sabah,399,Female,124.2,0.311278195
1987,Sarawak,448,Female,250.2,0.558482143
1987,W.P. Kuala Lumpur,367.4,Female,168.2,0.457811649
1988,Johor,616.3,Male,521.7,0.846503326
1988,Kedah,368.4,Male,298,0.808903366
1988,Kelantan,286.7,Male,216.8,0.756191141
1988,Melaka,146.6,Male,109.8,0.748976808
1988,Negeri Sembilan,195.7,Male,148.3,0.75779254
1988,Pahang,294.9,Male,241.6,0.819260766
1988,Pulau Pinang,341.3,Male,264.2,0.774099033
1988,Perak,550.7,Male,417.4,0.757944434
1988,Perlis,52.1,Male,48,0.921305182
1988,Selangor,687.1,Male,575.7,0.837869306
1988,Terengganu,198.1,Male,146.2,0.738011106
1988,Sabah,495.4,Male,305.2,0.616067824
1988,Sarawak,482,Male,385.9,0.800622407
1988,W.P. Kuala Lumpur,379.7,Male,295.6,0.778509349
1988,Johor,588.5,Female,270.2,0.45913339
1988,Kedah,383.7,Female,161.3,0.420380506
1988,Kelantan,301.1,Female,146.7,0.48721355
1988,Melaka,156.7,Female,65.6,0.418634333
1988,Negeri Sembilan,195.6,Female,79.7,0.407464213
1988,Pahang,261.9,Female,109.8,0.419243986
1988,Pulau Pinang,354.8,Female,134.7,0.379650507
1988,Perak,572.3,Female,239.3,0.418137341
1988,Perlis,52.1,Female,17.5,0.335892514
1988,Selangor,665,Female,317.4,0.477293233
1988,Terengganu,190.5,Female,83.7,0.439370079
1988,Sabah,424.8,Female,119.4,0.281073446
1988,Sarawak,460.9,Female,251.2,0.545020612
1988,W.P. Kuala Lumpur,378.3,Female,173.9,0.459688078
1989,Johor,636,Male,542.8,0.853459119
1989,Kedah,374.5,Male,295.3,0.788518024
1989,Kelantan,294.1,Male,223.8,0.760965658
1989,Melaka,148.5,Male,113.7,0.765656566
1989,Negeri Sembilan,200.4,Male,145.2,0.724550898
1989,Pahang,303.4,Male,267.2,0.880685564
1989,Pulau Pinang,347.9,Male,279.5,0.803391779
1989,Perak,554.3,Male,434.1,0.783149919
1989,Perlis,53.2,Male,46.8,0.879699248
1989,Selangor,718.8,Male,578,0.804117974
1989,Terengganu,205.7,Male,157.3,0.764705882
1989,Sabah,524.3,Male,316.8,0.604234217
1989,Sarawak,497.3,Male,419.1,0.842750855
1989,W.P. Kuala Lumpur,387.5,Male,325.4,0.839741935
1989,Johor,604.7,Female,279.5,0.462212667
1989,Kedah,390.1,Female,148,0.3793899
1989,Kelantan,306.9,Female,140,0.45617465
1989,Melaka,158.2,Female,72.2,0.456384324
1989,Negeri Sembilan,199.8,Female,84.1,0.420920921
1989,Pahang,269.7,Female,111.9,0.414905451
1989,Pulau Pinang,361.8,Female,156.8,0.433388612
1989,Perak,576.1,Female,252.6,0.438465544
1989,Perlis,53,Female,19.6,0.369811321
1989,Selangor,695.1,Female,322.2,0.463530427
1989,Terengganu,196.4,Female,72.7,0.370162933
1989,Sabah,450.5,Female,125.5,0.278579356
1989,Sarawak,473.3,Female,268.1,0.566448341
1989,W.P. Kuala Lumpur,388.9,Female,179.3,0.46104397
1990,Johor,655.9,Male,589.4,0.898612593
1990,Kedah,381.9,Male,314.6,0.823775858
1990,Kelantan,302.2,Male,228.5,0.756121774
1990,Melaka,151.1,Male,111,0.734612839
1990,Negeri Sembilan,205.7,Male,134.9,0.655809431
1990,Pahang,312.6,Male,298.7,0.955534229
1990,Pulau Pinang,354.5,Male,285.8,0.806205924
1990,Perak,558.1,Male,424.3,0.760258018
1990,Perlis,54.9,Male,40.6,0.739526412
1990,Selangor,750.7,Male,674.7,0.898761156
1990,Terengganu,214.3,Male,148.5,0.692953803
1990,Sabah,552.8,Male,315.6,0.570911722
1990,Sarawak,512.7,Male,417.7,0.814706456
1990,W.P. Kuala Lumpur,394,Male,314.4,0.797969543
1990,Johor,621.1,Female,324.7,0.522782161
1990,Kedah,398.1,Female,153.1,0.38457674
1990,Kelantan,315.6,Female,149.2,0.472750317
1990,Melaka,160.1,Female,69.1,0.431605247
1990,Negeri Sembilan,204.3,Female,81,0.396475771
1990,Pahang,277.7,Female,130.1,0.468491178
1990,Pulau Pinang,368.2,Female,171.4,0.465507876
1990,Perak,579.4,Female,253.9,0.438211943
1990,Perlis,54.5,Female,16.5,0.302752294
1990,Selangor,724.9,Female,364.7,0.503103876
1990,Terengganu,203.5,Female,79.1,0.388697789
1990,Sabah,476.2,Female,121.2,0.25451491
1990,Sarawak,485.3,Female,281.2,0.579435401
1990,W.P. Kuala Lumpur,398.2,Female,176.3,0.442742341
1992,Johor,695.6,Male,604.6,0.869177688
1992,Kedah,396.4,Male,322,0.812310797
1992,Kelantan,313.2,Male,228.3,0.728927203
1992,Melaka,157.3,Male,128.2,0.815003179
1992,Negeri Sembilan,217.1,Male,155.5,0.716259788
1992,Pahang,328.7,Male,289.7,0.881350776
1992,Pulau Pinang,369.6,Male,324.1,0.876893939
1992,Perak,572.8,Male,432.3,0.754713687
1992,Perlis,56,Male,46.6,0.832142857
1992,Selangor,834.6,Male,692.7,0.829978433
1992,Terengganu,225.4,Male,164.8,0.731144632
1992,Sabah,581.3,Male,351.7,0.605023224
1992,Sarawak,541.6,Male,449.5,0.829948301
1992,W.P. Kuala Lumpur,435.3,Male,353,0.810934987
1992,W.P. Labuan,18.3,Male,11.3,0.617486339
1992,Johor,656.5,Female,321.4,0.48956588
1992,Kedah,418,Female,173.1,0.414114833
1992,Kelantan,335.3,Female,154.2,0.459886669
1992,Melaka,165.7,Female,79.2,0.477972239
1992,Negeri Sembilan,214.2,Female,95.9,0.447712418
1992,Pahang,295.6,Female,127.3,0.430649526
1992,Pulau Pinang,379.3,Female,188.6,0.497231743
1992,Perak,592.1,Female,260.6,0.440128357
1992,Perlis,56.8,Female,20.3,0.357394366
1992,Selangor,805.2,Female,376.9,0.468082464
1992,Terengganu,216.5,Female,88.1,0.406928406
1992,Sabah,507.7,Female,139.8,0.275359464
1992,Sarawak,510.4,Female,261.8,0.512931034
1992,W.P. Kuala Lumpur,410,Female,202.8,0.494634146
1992,W.P. Labuan,15.1,Female,3.6,0.238410596
1993,Johor,721.4,Male,625.7,0.867341281
1993,Kedah,407,Male,322,0.791154791
1993,Kelantan,317.7,Male,250,0.786905886
1993,Melaka,162.2,Male,140,0.863131936
1993,Negeri Sembilan,224.6,Male,165.4,0.736420303
1993,Pahang,339.4,Male,264,0.777843253
1993,Pulau Pinang,377.8,Male,347.5,0.919798835
1993,Perak,583,Male,435.6,0.747169811
1993,Perlis,56.3,Male,50.9,0.904085258
1993,Selangor,897,Male,696.1,0.776031215
1993,Terengganu,228.9,Male,190.6,0.832678025
1993,Sabah,600.9,Male,495.3,0.824263605
1993,Sarawak,554.6,Male,479.1,0.863865849
1993,W.P. Kuala Lumpur,442.1,Male,377.6,0.854105406
1993,W.P. Labuan,18.9,Male,14,0.740740741
1993,Johor,677.1,Female,348.6,0.514842712
1993,Kedah,427.6,Female,153,0.357811038
1993,Kelantan,338.7,Female,144.4,0.426335991
1993,Melaka,169.4,Female,78.5,0.463400236
1993,Negeri Sembilan,220.1,Female,119,0.540663335
1993,Pahang,303.9,Female,114.7,0.377426785
1993,Pulau Pinang,386.9,Female,183.5,0.47428276
1993,Perak,599.4,Female,234.1,0.390557224
1993,Perlis,57.3,Female,19.8,0.345549738
1993,Selangor,862.7,Female,384,0.445114176
1993,Terengganu,219.6,Female,90.3,0.411202186
1993,Sabah,529,Female,178.7,0.337807183
1993,Sarawak,524.7,Female,274.7,0.523537259
1993,W.P. Kuala Lumpur,417.4,Female,202.9,0.486104456
1993,W.P. Labuan,15.7,Female,3.3,0.210191083
1995,Johor,776.3,Male,595.6,0.767229164
1995,Kedah,428,Male,345.4,0.807009346
1995,Kelantan,324.9,Male,251.6,0.774392121
1995,Melaka,171.9,Male,147.3,0.856893543
1995,Negeri Sembilan,239.1,Male,188.6,0.788791301
1995,Pahang,361.3,Male,272.3,0.753667312
1995,Pulau Pinang,395.8,Male,313.9,0.793077312
1995,Perak,598.4,Male,421.5,0.704378342
1995,Perlis,57.1,Male,50.3,0.880910683
1995,Selangor,1036.3,Male,858.3,0.828235067
1995,Terengganu,236,Male,182.4,0.772881356
1995,Sabah,647.2,Male,521.6,0.805933251
1995,Sarawak,581.1,Male,506.7,0.871966959
1995,W.P. Kuala Lumpur,457.4,Male,375.2,0.820288588
1995,W.P. Labuan,20.5,Male,25.8,1.258536585
1995,Johor,720.7,Female,296.2,0.410989316
1995,Kedah,447.8,Female,175.7,0.392362662
1995,Kelantan,343,Female,161,0.469387755
1995,Melaka,176.5,Female,75.5,0.42776204
1995,Negeri Sembilan,231.9,Female,107.5,0.46356188
1995,Pahang,320.8,Female,99.1,0.308915212
1995,Pulau Pinang,404,Female,172,0.425742574
1995,Perak,610.5,Female,212.8,0.348566749
1995,Perlis,58.5,Female,20.5,0.35042735
1995,Selangor,991.5,Female,480.5,0.484619264
1995,Terengganu,225.7,Female,85.6,0.37926451
1995,Sabah,579.2,Female,201.1,0.347203039
1995,Sarawak,553.8,Female,282.5,0.510111954
1995,W.P. Kuala Lumpur,435.3,Female,213.2,0.489777165
1995,W.P. Labuan,17.2,Female,5.3,0.308139535
1996,Johor,804.4,Male,670.5,0.833540527
1996,Kedah,438.5,Male,352.8,0.804561003
1996,Kelantan,328.3,Male,266.4,0.811452939
1996,Melaka,176.4,Male,153.5,0.870181406
1996,Negeri Sembilan,246.7,Male,202.9,0.822456425
1996,Pahang,372.8,Male,296,0.793991416
1996,Pulau Pinang,404.8,Male,300.6,0.742588933
1996,Perak,604.7,Male,462.7,0.765172813
1996,Perlis,57.5,Male,48.5,0.843478261
1996,Selangor,1111,Male,874.5,0.787128713
1996,Terengganu,239.9,Male,193.6,0.807002918
1996,Sabah,673.5,Male,705.4,1.047364514
1996,Sarawak,594.1,Male,527.2,0.887392695
1996,W.P. Kuala Lumpur,465.5,Male,431.1,0.926100967
1996,W.P. Labuan,21.3,Male,28.7,1.34741784
1996,Johor,743.5,Female,326.2,0.438735709
1996,Kedah,458.1,Female,183.2,0.399912683
1996,Kelantan,345,Female,179.1,0.519130435
1996,Melaka,180.6,Female,83.5,0.46234773
1996,Negeri Sembilan,237.8,Female,116.4,0.489486964
1996,Pahang,329.9,Female,110.2,0.334040618
1996,Pulau Pinang,413.1,Female,148.8,0.360203341
1996,Perak,614.8,Female,260.4,0.423552375
1996,Perlis,59,Female,21.6,0.366101695
1996,Selangor,1061.2,Female,484.6,0.456652846
1996,Terengganu,228.9,Female,104.4,0.456094364
1996,Sabah,607.5,Female,287.1,0.472592593
1996,Sarawak,568.4,Female,304.3,0.535362421
1996,W.P. Kuala Lumpur,444.8,Female,266.7,0.599595324
1996,W.P. Labuan,17.9,Female,8.7,0.48603352
1997,Johor,833.1,Male,713.3,0.856199736
1997,Kedah,449.5,Male,397.7,0.884760845
1997,Kelantan,332.6,Male,254.7,0.765784726
1997,Melaka,181.4,Male,163.5,0.901323043
1997,Negeri Sembilan,254.3,Male,196.9,0.774282344
1997,Pahang,384.6,Male,283.2,0.736349454
1997,Pulau Pinang,413.8,Male,341.2,0.824552924
1997,Perak,611.1,Male,485.3,0.794141712
1997,Perlis,57.8,Male,47.8,0.826989619
1997,Selangor,1187.4,Male,862,0.72595587
1997,Terengganu,244.1,Male,194.7,0.797623925
1997,Sabah,701.7,Male,732.4,1.043750891
1997,Sarawak,607.1,Male,537.6,0.885521331
1997,W.P. Kuala Lumpur,473.5,Male,420.2,0.887434002
1997,W.P. Labuan,22.1,Male,27.3,1.235294118
1997,Johor,766.7,Female,345,0.449980436
1997,Kedah,469.1,Female,203.6,0.434022596
1997,Kelantan,347.9,Female,158.9,0.456740443
1997,Melaka,184.5,Female,93.7,0.507859079
1997,Negeri Sembilan,243.7,Female,110.7,0.454247025
1997,Pahang,339.2,Female,112.2,0.330778302
1997,Pulau Pinang,422.5,Female,210.8,0.498934911
1997,Perak,618.8,Female,258.9,0.418390433
1997,Perlis,59.8,Female,22.3,0.372909699
1997,Selangor,1132.9,Female,467.9,0.413010857
1997,Terengganu,232.9,Female,87.6,0.376127093
1997,Sabah,637.9,Female,267.7,0.419658254
1997,Sarawak,583,Female,293.9,0.504116638
1997,W.P. Kuala Lumpur,454.6,Female,270.8,0.595688517
1997,W.P. Labuan,18.7,Female,7.4,0.395721925
1998,Johor,861.6,Male,717,0.832172702
1998,Kedah,460.6,Male,373.2,0.810247503
1998,Kelantan,337.2,Male,260.7,0.773131673
1998,Melaka,186.7,Male,159.5,0.85431173
1998,Negeri Sembilan,261.6,Male,196.4,0.750764526
1998,Pahang,396,Male,272.1,0.687121212
1998,Pulau Pinang,422.5,Male,361.5,0.855621302
1998,Perak,616.4,Male,443.7,0.719824789
1998,Perlis,58.4,Male,49.9,0.854452055
1998,Selangor,1265.9,Male,915.8,0.72343787
1998,Terengganu,248.5,Male,197.6,0.795171026
1998,Sabah,731.8,Male,785.3,1.073107406
1998,Sarawak,620.2,Male,535.7,0.863753628
1998,W.P. Kuala Lumpur,481.1,Male,423.3,0.879858657
1998,W.P. Labuan,22.8,Male,27.3,1.197368421
1998,Johor,790.3,Female,310,0.392256105
1998,Kedah,480.4,Female,194.2,0.404246461
1998,Kelantan,351.3,Female,170,0.48391688
1998,Melaka,188.9,Female,82.9,0.438856538
1998,Negeri Sembilan,249.5,Female,107.9,0.43246493
1998,Pahang,348.7,Female,92.8,0.266131345
1998,Pulau Pinang,431.2,Female,223.7,0.518784787
1998,Perak,622.7,Female,241.3,0.387506022
1998,Perlis,60.6,Female,21.1,0.348184818
1998,Selangor,1206.5,Female,514.6,0.426523
1998,Terengganu,236.8,Female,95.8,0.404560811
1998,Sabah,670.3,Female,283,0.422199015
1998,Sarawak,597.4,Female,288.6,0.483093405
1998,W.P. Kuala Lumpur,463.4,Female,245.1,0.528916703
1998,W.P. Labuan,19.8,Female,9.7,0.48989899
1999,Johor,892.1,Male,705.5,0.790830624
1999,Kedah,472.3,Male,448.1,0.94876138
1999,Kelantan,342.3,Male,275.5,0.804849547
1999,Melaka,191.6,Male,156,0.814196242
1999,Negeri Sembilan,269.1,Male,187,0.694908956
1999,Pahang,408,Male,287.4,0.704411765
1999,Pulau Pinang,431.8,Male,359.4,0.832329782
1999,Perak,621.6,Male,454.7,0.731499356
1999,Perlis,58.6,Male,50.8,0.866894198
1999,Selangor,1346,Male,900,0.668647845
1999,Terengganu,253.3,Male,204.8,0.808527438
1999,Sabah,764,Male,807.3,1.056675393
1999,Sarawak,632.9,Male,548.7,0.866961605
1999,W.P. Kuala Lumpur,488.7,Male,435.6,0.891344383
1999,W.P. Labuan,23.7,Male,30.3,1.278481013
1999,Johor,816,Female,323.6,0.396568627
1999,Kedah,492.5,Female,230.5,0.468020305
1999,Kelantan,355.1,Female,161.3,0.454238243
1999,Melaka,193.1,Female,87.1,0.451061626
1999,Negeri Sembilan,255.9,Female,87.9,0.343493552
1999,Pahang,358.8,Female,97,0.270345596
1999,Pulau Pinang,440.8,Female,243.5,0.552404719
1999,Perak,626.1,Female,229.8,0.36703402
1999,Perlis,61.6,Female,27.7,0.449675325
1999,Selangor,1282.1,Female,527.2,0.411200374
1999,Terengganu,241.3,Female,95.3,0.394944053
1999,Sabah,704.5,Female,294.4,0.417885025
1999,Sarawak,612,Female,316.3,0.516830065
1999,W.P. Kuala Lumpur,472.5,Female,254.1,0.537777778
1999,W.P. Labuan,20.4,Female,10.9,0.534313725
2000,Johor,920,Male,793.6,0.862608696
2000,Kedah,483.8,Male,404.6,0.83629599
2000,Kelantan,347.1,Male,266.8,0.768654566
2000,Melaka,196.8,Male,160.6,0.816056911
2000,Negeri Sembilan,276.7,Male,223.2,0.806649801
2000,Pahang,419.6,Male,311.3,0.741897045
2000,Pulau Pinang,439.3,Male,377.1,0.858411109
2000,Perak,626.4,Male,485.8,0.775542784
2000,Perlis,59.3,Male,48.9,0.824620573
2000,Selangor,1428.2,Male,1054.1,0.738061896
2000,Terengganu,258.1,Male,206.2,0.798915149
2000,Sabah,796.8,Male,653.6,0.820281124
2000,Sarawak,645.9,Male,546.4,0.845951386
2000,W.P. Kuala Lumpur,494.2,Male,422.6,0.855119385
2000,W.P. Labuan,24.8,Male,18.7,0.754032258
2000,Johor,838.7,Female,401.9,0.479193991
2000,Kedah,504.3,Female,222,0.440214158
2000,Kelantan,358.6,Female,158.9,0.443112103
2000,Melaka,197.7,Female,92.9,0.469903895
2000,Negeri Sembilan,262,Female,124.2,0.474045802
2000,Pahang,368.4,Female,135.5,0.367806732
2000,Pulau Pinang,448.4,Female,292.1,0.651427297
2000,Perak,629.3,Female,258.3,0.410456062
2000,Perlis,62.5,Female,25.8,0.4128
2000,Selangor,1359.8,Female,627.3,0.461317841
2000,Terengganu,245.6,Female,99.8,0.406351792
2000,Sabah,739.9,Female,280.2,0.378699824
2000,Sarawak,626.8,Female,329.8,0.526164646
2000,W.P. Kuala Lumpur,479.4,Female,240.2,0.50104297
2000,W.P. Labuan,21.4,Female,6.7,0.313084112
2001,Johor,946.8,Male,815.7,0.861533587
2001,Kedah,499.2,Male,442.6,0.88661859
2001,Kelantan,361.9,Male,280.7,0.775628627
2001,Melaka,203.7,Male,170.5,0.837015218
2001,Negeri Sembilan,284.2,Male,226.3,0.796270232
2001,Pahang,430.5,Male,303.4,0.704761905
2001,Pulau Pinang,450.6,Male,429.2,0.952507767
2001,Perak,644.2,Male,480.1,0.745265446
2001,Perlis,60.6,Male,55.5,0.915841584
2001,Selangor,1479.2,Male,979,0.66184424
2001,Terengganu,266,Male,202.2,0.760150376
2001,Sabah,827.5,Male,659.5,0.796978852
2001,Sarawak,664.7,Male,553.1,0.832104709
2001,W.P. Kuala Lumpur,504.4,Male,438.1,0.868556701
2001,W.P. Labuan,25.2,Male,19.9,0.78968254
2001,Johor,859.5,Female,420.2,0.488888889
2001,Kedah,516.8,Female,258.5,0.500193498
2001,Kelantan,373.2,Female,153.6,0.411575563
2001,Melaka,204.4,Female,97.2,0.47553816
2001,Negeri Sembilan,268.5,Female,125,0.465549348
2001,Pahang,378.6,Female,134.4,0.354992076
2001,Pulau Pinang,456.9,Female,285.7,0.625300941
2001,Perak,642.7,Female,250.6,0.389917535
2001,Perlis,63.7,Female,27.3,0.428571429
2001,Selangor,1399,Female,535.6,0.382844889
2001,Terengganu,253.7,Female,96.4,0.37997635
2001,Sabah,765.8,Female,319.5,0.41721076
2001,Sarawak,638.8,Female,324.3,0.507670632
2001,W.P. Kuala Lumpur,487.3,Female,265.6,0.545044121
2001,W.P. Labuan,21.9,Female,7.2,0.328767123
2002,Johor,974.9,Male,794,0.814442507
2002,Kedah,514.8,Male,415.9,0.807886558
2002,Kelantan,375.7,Male,267.4,0.711738089
2002,Melaka,211,Male,145.8,0.690995261
2002,Negeri Sembilan,291.8,Male,206.6,0.708019191
2002,Pahang,441.4,Male,283.2,0.641594925
2002,Pulau Pinang,462.1,Male,389.2,0.842241939
2002,Perak,661.5,Male,516.8,0.781254724
2002,Perlis,62,Male,38.5,0.620967742
2002,Selangor,1536.9,Male,1130.9,0.735831869
2002,Terengganu,273.9,Male,187.6,0.684921504
2002,Sabah,860,Male,690,0.802325581
2002,Sarawak,684.3,Male,561.6,0.820692679
2002,W.P. Kuala Lumpur,515.6,Male,490.6,0.951512801
2002,W.P. Labuan,25.9,Male,23.7,0.915057915
2002,Johor,881.1,Female,428.3,0.486096924
2002,Kedah,529.1,Female,229.2,0.433188433
2002,Kelantan,386.3,Female,155.3,0.402019156
2002,Melaka,210.8,Female,83.5,0.396110057
2002,Negeri Sembilan,275.3,Female,118.2,0.4293498
2002,Pahang,388.2,Female,123.7,0.31865018
2002,Pulau Pinang,466.2,Female,253.9,0.544616045
2002,Perak,655.5,Female,271.5,0.414187643
2002,Perlis,65.2,Female,18.5,0.283742331
2002,Selangor,1444.9,Female,619,0.42840335
2002,Terengganu,261.4,Female,92,0.351951033
2002,Sabah,793.3,Female,338.8,0.427076768
2002,Sarawak,651.9,Female,356.1,0.546249425
2002,W.P. Kuala Lumpur,497,Female,303.5,0.610663984
2002,W.P. Labuan,22.6,Female,9.2,0.407079646
2003,Johor,1004.4,Male,826.2,0.822580645
2003,Kedah,530.1,Male,422.5,0.79701943
2003,Kelantan,388.4,Male,292.8,0.753861998
2003,Melaka,218.4,Male,167.1,0.76510989
2003,Negeri Sembilan,299.5,Male,215.6,0.719866444
2003,Pahang,452.2,Male,319,0.705440071
2003,Pulau Pinang,473.7,Male,407.5,0.860249103
2003,Perak,678.6,Male,484.2,0.713527851
2003,Perlis,63.3,Male,50.8,0.802527646
2003,Selangor,1600.1,Male,1164.9,0.728016999
2003,Terengganu,281.7,Male,226.7,0.804756834
2003,Sabah,893.7,Male,710.1,0.794561934
2003,Sarawak,704.8,Male,574.8,0.815550511
2003,W.P. Kuala Lumpur,528.5,Male,439.4,0.83140965
2003,W.P. Labuan,26.3,Male,22,0.836501901
2003,Johor,903.2,Female,442.9,0.490367582
2003,Kedah,541,Female,235.2,0.434750462
2003,Kelantan,398.3,Female,182.8,0.45895054
2003,Melaka,217.4,Female,105.6,0.48574057
2003,Negeri Sembilan,282.1,Female,124.1,0.439914924
2003,Pahang,397.4,Female,141,0.354806241
2003,Pulau Pinang,475.9,Female,266.8,0.560621979
2003,Perak,667.7,Female,250.5,0.375168489
2003,Perlis,66.3,Female,25.8,0.389140271
2003,Selangor,1497.1,Female,669.3,0.447064324
2003,Terengganu,268.9,Female,118.2,0.439568613
2003,Sabah,822.2,Female,363,0.441498419
2003,Sarawak,665.4,Female,335.1,0.503606853
2003,W.P. Kuala Lumpur,508.3,Female,275.7,0.542396223
2003,W.P. Labuan,23.3,Female,9.9,0.424892704
2004,Johor,1034.7,Male,808.4,0.781289263
2004,Kedah,545,Male,412.3,0.756513761
2004,Kelantan,400.6,Male,277.4,0.692461308
2004,Melaka,225.9,Male,166.4,0.736609119
2004,Negeri Sembilan,307.6,Male,228.5,0.742847854
2004,Pahang,463,Male,368.8,0.796544276
2004,Pulau Pinang,485.4,Male,378.6,0.779975278
2004,Perak,695.3,Male,514.8,0.740399827
2004,Perlis,64.9,Male,47.6,0.733436055
2004,Selangor,1667.7,Male,1234.3,0.740121125
2004,Terengganu,289.1,Male,220.9,0.764095469
2004,Sabah,929.6,Male,727.8,0.782917384
2004,Sarawak,725.6,Male,579.6,0.798787211
2004,W.P. Kuala Lumpur,542,Male,403.6,0.744649446
2004,W.P. Labuan,26.8,Male,21.7,0.809701493
2004,Johor,925.6,Female,424.2,0.458297321
2004,Kedah,552,Female,242.3,0.438949275
2004,Kelantan,409.4,Female,159.2,0.388861749
2004,Melaka,224.4,Female,99,0.441176471
2004,Negeri Sembilan,289.5,Female,131.8,0.455267703
2004,Pahang,405.3,Female,157.4,0.388354305
2004,Pulau Pinang,486.3,Female,246.4,0.506683117
2004,Perak,679.5,Female,276.2,0.40647535
2004,Perlis,67.4,Female,26.2,0.388724036
2004,Selangor,1553.8,Female,739.1,0.475672545
2004,Terengganu,276.2,Female,116,0.419985518
2004,Sabah,853,Female,353.9,0.414888628
2004,Sarawak,679.8,Female,339,0.498676081
2004,W.P. Kuala Lumpur,520.7,Female,268.1,0.51488381
2004,W.P. Labuan,24.1,Female,10.5,0.435684647
2005,Johor,1065.5,Male,814.3,0.76424214
2005,Kedah,559.9,Male,415.4,0.7419182
2005,Kelantan,412.6,Male,286,0.693165293
2005,Melaka,233.8,Male,168.6,0.72112917
2005,Negeri Sembilan,315.7,Male,239.5,0.758631612
2005,Pahang,473.2,Male,375.7,0.793956044
2005,Pulau Pinang,497.3,Male,382.9,0.769957772
2005,Perak,711.6,Male,520.3,0.731169196
2005,Perlis,66.3,Male,47.3,0.713423831
2005,Selangor,1737.9,Male,1242.4,0.714885782
2005,Terengganu,296.9,Male,223.9,0.754125968
2005,Sabah,967.8,Male,747.9,0.772783633
2005,Sarawak,746.5,Male,576.5,0.772270596
2005,W.P. Kuala Lumpur,556.2,Male,407.7,0.733009709
2005,W.P. Labuan,27.6,Male,22,0.797101449
2005,Johor,948.3,Female,422.8,0.445850469
2005,Kedah,563.3,Female,237.4,0.421445056
2005,Kelantan,420.6,Female,152.8,0.363290537
2005,Melaka,231.8,Female,102.5,0.442191544
2005,Negeri Sembilan,296.5,Female,133.3,0.449578415
2005,Pahang,413.4,Female,149,0.360425738
2005,Pulau Pinang,496.9,Female,238.6,0.480177098
2005,Perak,691.5,Female,280.9,0.406218366
2005,Perlis,69,Female,26.7,0.386956522
2005,Selangor,1613.5,Female,743.5,0.460799504
2005,Terengganu,283.4,Female,118.1,0.416725476
2005,Sabah,886,Female,359,0.405191874
2005,Sarawak,694.2,Female,334.4,0.48170556
2005,W.P. Kuala Lumpur,533.8,Female,267.6,0.501311353
2005,W.P. Labuan,24.8,Female,8.5,0.342741935
2006,Johor,1095.7,Male,832.4,0.759696997
2006,Kedah,575.1,Male,424.4,0.737958616
2006,Kelantan,425,Male,291.9,0.686823529
2006,Melaka,242.1,Male,169.7,0.700950021
2006,Negeri Sembilan,270,Male,243.3,0.901111111
2006,Pahang,483.7,Male,394.9,0.816415133
2006,Pulau Pinang,509.5,Male,389.2,0.763886163
2006,Perak,728.2,Male,534.5,0.734001648
2006,Perlis,68.1,Male,49,0.719530103
2006,Selangor,1808,Male,1258.4,0.696017699
2006,Terengganu,304.7,Male,232.3,0.762389235
2006,Sabah,1008.3,Male,770.7,0.764355846
2006,Sarawak,767.9,Male,595.7,0.775752051
2006,W.P. Kuala Lumpur,571,Male,410.7,0.719264448
2006,W.P. Labuan,28.1,Male,21.7,0.772241993
2006,Johor,971.3,Female,425.7,0.438278596
2006,Kedah,574.7,Female,232.4,0.404384896
2006,Kelantan,431.7,Female,166.5,0.385684503
2006,Melaka,239.7,Female,103.5,0.431789737
2006,Negeri Sembilan,304,Female,135.5,0.445723684
2006,Pahang,421.5,Female,162.5,0.385527877
2006,Pulau Pinang,508.1,Female,258.5,0.508758118
2006,Perak,703.9,Female,281.3,0.399630629
2006,Perlis,70.7,Female,25.5,0.360678925
2006,Selangor,1672.5,Female,759.3,0.453991031
2006,Terengganu,290.4,Female,119.3,0.410812672
2006,Sabah,920.9,Female,389.5,0.422955804
2006,Sarawak,709.3,Female,322.6,0.454814606
2006,W.P. Kuala Lumpur,547.7,Female,265.9,0.485484754
2006,W.P. Labuan,25.7,Female,8.9,0.346303502
2007,Johor,1125.7,Male,847.2,0.752598383
2007,Kedah,590.6,Male,430.4,0.728750423
2007,Kelantan,438.6,Male,304.6,0.694482444
2007,Melaka,251,Male,172.8,0.688446215
2007,Negeri Sembilan,333,Male,248.4,0.745945946
2007,Pahang,494.1,Male,392.4,0.79417122
2007,Pulau Pinang,522.2,Male,390.8,0.748372271
2007,Perak,744.9,Male,548.2,0.73593771
2007,Perlis,70,Male,50.7,0.724285714
2007,Selangor,1877.3,Male,1279.4,0.68151068
2007,Terengganu,312.4,Male,241.2,0.772087068
2007,Sabah,1051.3,Male,799.3,0.760296775
2007,Sarawak,789.9,Male,601.6,0.761615394
2007,W.P. Kuala Lumpur,586.2,Male,417.1,0.7115319
2007,W.P. Labuan,29,Male,22.8,0.786206897
2007,Johor,993.7,Female,439.5,0.442286404
2007,Kedah,586.4,Female,240,0.409276944
2007,Kelantan,443.6,Female,168.5,0.379846709
2007,Melaka,248.5,Female,111.4,0.448289738
2007,Negeri Sembilan,311.4,Female,133.2,0.427745665
2007,Pahang,429.5,Female,169.4,0.394412107
2007,Pulau Pinang,519.4,Female,262.7,0.505775895
2007,Perak,717.2,Female,304,0.423870608
2007,Perlis,72.9,Female,29.3,0.401920439
2007,Selangor,1731.9,Female,784.8,0.453143946
2007,Terengganu,297.9,Female,121.8,0.408862034
2007,Sabah,957.4,Female,399.2,0.416962607
2007,Sarawak,725.1,Female,352.5,0.486139843
2007,W.P. Kuala Lumpur,561.9,Female,265,0.471614166
2007,W.P. Labuan,26.5,Female,9.8,0.369811321
2008,Johor,1155.5,Male,859.4,0.743747296
2008,Kedah,606.4,Male,433,0.714050132
2008,Kelantan,453.2,Male,310.6,0.685348632
2008,Melaka,260.4,Male,178,0.683563748
2008,Negeri Sembilan,341.9,Male,254.1,0.743199766
2008,Pahang,504.7,Male,407.1,0.806617793
2008,Pulau Pinang,535.2,Male,398.8,0.745142003
2008,Perak,760.9,Male,553.7,0.727690892
2008,Perlis,72.1,Male,50.8,0.704576976
2008,Selangor,1944.4,Male,1297.1,0.667095248
2008,Terengganu,320.2,Male,249.3,0.77857589
2008,Sabah,1095.8,Male,822.2,0.750319401
2008,Sarawak,812.1,Male,600,0.738825268
2008,W.P. Kuala Lumpur,601.1,Male,414,0.688737315
2008,W.P. Labuan,29.4,Male,23,0.782312925
2008,Johor,1016,Female,424.4,0.417716535
2008,Kedah,598.7,Female,243,0.405879405
2008,Kelantan,456.2,Female,175.8,0.385357299
2008,Melaka,257.8,Female,108.8,0.422032583
2008,Negeri Sembilan,319.1,Female,132.9,0.416483861
2008,Pahang,437.6,Female,182.8,0.41773309
2008,Pulau Pinang,531,Female,276.1,0.519962335
2008,Perak,731.4,Female,305.2,0.417281925
2008,Perlis,75.4,Female,30.7,0.407161804
2008,Selangor,1789.1,Female,794.9,0.444301604
2008,Terengganu,305,Female,126.3,0.414098361
2008,Sabah,994.5,Female,408.3,0.410558069
2008,Sarawak,741.5,Female,321.6,0.433715442
2008,W.P. Kuala Lumpur,575.6,Female,268.2,0.465948575
2008,W.P. Labuan,27.5,Female,9.5,0.345454545
2009,Johor,1185,Male,855.7,0.722109705
2009,Kedah,621.8,Male,450,0.723705372
2009,Kelantan,467.1,Male,322.3,0.690002141
2009,Melaka,269.5,Male,176.3,0.654174397
2009,Negeri Sembilan,350.5,Male,251.3,0.716975749
2009,Pahang,515,Male,413.5,0.802912621
2009,Pulau Pinang,548,Male,400.5,0.730839416
2009,Perak,776.3,Male,568,0.731675898
2009,Perlis,74.5,Male,52.3,0.702013423
2009,Selangor,2012.1,Male,1303.2,0.647681527
2009,Terengganu,327.9,Male,258.6,0.788655078
2009,Sabah,1139.7,Male,840.3,0.737299289
2009,Sarawak,834.4,Male,622.9,0.746524449
2009,W.P. Kuala Lumpur,615.4,Male,416.7,0.677120572
2009,W.P. Labuan,30.2,Male,24.1,0.798013245
2009,Johor,1037.9,Female,450.6,0.434145871
2009,Kedah,610.8,Female,251.5,0.411755075
2009,Kelantan,468.7,Female,182.9,0.390228291
2009,Melaka,267.4,Female,107.6,0.402393418
2009,Negeri Sembilan,326.5,Female,135.2,0.414088821
2009,Pahang,445.4,Female,190.2,0.427031881
2009,Pulau Pinang,542.5,Female,289.3,0.533271889
2009,Perak,745.1,Female,323.5,0.43416991
2009,Perlis,77.9,Female,29.2,0.374839538
2009,Selangor,1847.2,Female,792.1,0.428811174
2009,Terengganu,312.2,Female,131.7,0.421844971
2009,Sabah,1031.1,Female,430.3,0.417321307
2009,Sarawak,757.6,Female,354.6,0.468057022
2009,W.P. Kuala Lumpur,588.9,Female,261.4,0.443878417
2009,W.P. Labuan,28.2,Female,11.4,0.404255319
2010,Johor,1213.3,Male,971.7,0.80087365
2010,Kedah,636.8,Male,477.5,0.749842965
2010,Kelantan,480.6,Male,339.1,0.705576363
2010,Melaka,278.4,Male,209.1,0.751077586
2010,Negeri Sembilan,359,Male,267.1,0.744011142
2010,Pahang,524.7,Male,405.4,0.77263198
2010,Pulau Pinang,559.9,Male,439.4,0.784782997
2010,Perak,791.7,Male,585.4,0.739421498
2010,Perlis,76.3,Male,53.8,0.705111402
2010,Selangor,2057.3,Male,1597.1,0.776308754
2010,Terengganu,334.9,Male,242.3,0.723499552
2010,Sabah,1181.1,Male,944.4,0.799593599
2010,Sarawak,856,Male,678.5,0.792640187
2010,W.P. Kuala Lumpur,628,Male,472.5,0.752388535
2010,W.P. Labuan,31,Male,24.5,0.790322581
2010,Johor,1059.1,Female,447.1,0.422150883
2010,Kedah,621.8,Female,248.2,0.399163718
2010,Kelantan,480.7,Female,195.1,0.405866445
2010,Melaka,276.6,Female,126,0.455531453
2010,Negeri Sembilan,333.7,Female,138.3,0.414444111
2010,Pahang,452.1,Female,185.6,0.410528644
2010,Pulau Pinang,553.3,Female,302.9,0.547442617
2010,Perak,758.9,Female,293.3,0.386480432
2010,Perlis,80.5,Female,27.1,0.336645963
2010,Selangor,1878.1,Female,954.1,0.508013418
2010,Terengganu,319,Female,124.2,0.389341693
2010,Sabah,1065.5,Female,454.2,0.426278742
2010,Sarawak,773.9,Female,367.1,0.474350691
2010,W.P. Kuala Lumpur,600.9,Female,315.6,0.525212182
2010,W.P. Labuan,28.9,Female,13.1,0.453287197
2011,Johor,1236.4,Male,987.9,0.799013264
2011,Kedah,650.1,Male,485.8,0.747269651
2011,Kelantan,495.7,Male,342.8,0.691547307
2011,Melaka,283.8,Male,208.7,0.735377026
2011,Negeri Sembilan,368.1,Male,269.3,0.731594675
2011,Pahang,539.1,Male,421.4,0.781673159
2011,Pulau Pinang,571.1,Male,454.1,0.795132201
2011,Perak,805.9,Male,602.6,0.747735451
2011,Perlis,77.8,Male,55.6,0.714652956
2011,Selangor,2095.1,Male,1642.4,0.783924395
2011,Terengganu,345.9,Male,253.4,0.732581671
2011,Sabah,1225.6,Male,994.5,0.811439295
2011,Sarawak,876.3,Male,690.8,0.788314504
2011,W.P. Kuala Lumpur,635.4,Male,480.6,0.756373938
2011,W.P. Labuan,31.1,Male,25.2,0.810289389
2011,W.P. Putrajaya,23.3,Male,19.7,0.845493562
2011,Johor,1079.5,Female,474,0.439092172
2011,Kedah,633.9,Female,257.5,0.406215491
2011,Kelantan,495,Female,201.8,0.407676768
2011,Melaka,282.1,Female,132.1,0.468273662
2011,Negeri Sembilan,342.2,Female,146.7,0.428696669
2011,Pahang,463,Female,187,0.403887689
2011,Pulau Pinang,566.4,Female,318.7,0.562676554
2011,Perak,772.9,Female,317.2,0.410402381
2011,Perlis,80.9,Female,27.7,0.342398022
2011,Selangor,1911.1,Female,1002.8,0.524723981
2011,Terengganu,328.5,Female,136.8,0.416438356
2011,Sabah,1102.4,Female,479.9,0.435322932
2011,Sarawak,794,Female,367.3,0.462594458
2011,W.P. Kuala Lumpur,608.8,Female,331.9,0.545170828
2011,W.P. Labuan,29.6,Female,13.4,0.452702703
2011,W.P. Putrajaya,28.1,Female,21.8,0.775800712
2012,Johor,1256.7,Male,1002.3,0.797565051
2012,Kedah,666.2,Male,507.6,0.761933353
2012,Kelantan,510.4,Male,359.4,0.704153605
2012,Melaka,291.5,Male,218.8,0.750600343
2012,Negeri Sembilan,375.8,Male,282.1,0.750665247
2012,Pahang,550.6,Male,435.2,0.790410461
2012,Pulau Pinang,579.9,Male,461,0.794964649
2012,Perak,818.3,Male,605.2,0.73958206
2012,Perlis,79.3,Male,56.4,0.711223203
2012,Selangor,2128.3,Male,1701,0.799229432
2012,Terengganu,352.3,Male,255.4,0.724950326
2012,Sabah,1268,Male,1024.3,0.807807571
2012,Sarawak,896,Male,724.6,0.808705357
2012,W.P. Kuala Lumpur,636.7,Male,491.5,0.771949113
2012,W.P. Labuan,31.4,Male,25.7,0.818471338
2012,W.P. Putrajaya,23.1,Male,19,0.822510823
2012,Johor,1095.4,Female,479.2,0.437465766
2012,Kedah,647.6,Female,279.3,0.431284744
2012,Kelantan,509.8,Female,219.3,0.430168694
2012,Melaka,286.3,Female,138.2,0.482710444
2012,Negeri Sembilan,344.8,Female,160,0.464037123
2012,Pahang,471.4,Female,197.8,0.419601188
2012,Pulau Pinang,576.4,Female,318.8,0.553088133
2012,Perak,785.7,Female,321.9,0.409698358
2012,Perlis,81.1,Female,30.8,0.379778052
2012,Selangor,1944.3,Female,1075.1,0.552949648
2012,Terengganu,335.2,Female,134.2,0.400357995
2012,Sabah,1141.1,Female,513.1,0.449653843
2012,Sarawak,811.8,Female,419.3,0.516506529
2012,W.P. Kuala Lumpur,614.1,Female,328.8,0.535417684
2012,W.P. Labuan,30.6,Female,13.8,0.450980392
2012,W.P. Putrajaya,27.8,Female,21.3,0.76618705
2013,Johor,1262.4,Male,1010.1,0.800142586
2013,Kedah,688.8,Male,529.3,0.768437863
2013,Kelantan,524.1,Male,369.8,0.705590536
2013,Melaka,296.5,Male,223.7,0.754468803
2013,Negeri Sembilan,384.6,Male,291.6,0.758190328
2013,Pahang,563.8,Male,443.3,0.786271728
2013,Pulau Pinang,599,Male,478.4,0.798664441
2013,Perak,833,Male,621.8,0.746458583
2013,Perlis,80.7,Male,59.8,0.741016109
2013,Selangor,2218.1,Male,1769.7,0.797845002
2013,Terengganu,358.9,Male,261,0.727222067
2013,Sabah,1355.5,Male,1112.2,0.820509037
2013,Sarawak,939.4,Male,759.4,0.808388333
2013,W.P. Kuala Lumpur,644.6,Male,509.9,0.791033199
2013,W.P. Labuan,31.8,Male,25.9,0.814465409
2013,W.P. Putrajaya,22.9,Male,18.8,0.820960699
2013,Johor,1108.8,Female,543.3,0.489989177
2013,Kedah,664.8,Female,313.1,0.470968712
2013,Kelantan,522.7,Female,232.9,0.445571073
2013,Melaka,290.7,Female,151.8,0.522187822
2013,Negeri Sembilan,349.7,Female,172.5,0.493279954
2013,Pahang,479.2,Female,216.5,0.451794658
2013,Pulau Pinang,592.7,Female,333.5,0.562679264
2013,Perak,796.9,Female,326,0.409085205
2013,Perlis,81.7,Female,34.6,0.423500612
2013,Selangor,2014.6,Female,1163.7,0.577633277
2013,Terengganu,344.2,Female,146,0.424171993
2013,Sabah,1213.3,Female,593.8,0.48940905
2013,Sarawak,838,Female,429.1,0.512052506
2013,W.P. Kuala Lumpur,620,Female,367.9,0.593387097
2013,W.P. Labuan,30.7,Female,14.2,0.462540717
2013,W.P. Putrajaya,28.2,Female,21.9,0.776595745
2014,Johor,1312,Male,1024.9,0.78117378
2014,Kedah,701.1,Male,528.2,0.753387534
2014,Kelantan,541.3,Male,373.8,0.690559764
2014,Melaka,302.9,Male,233.4,0.770551337
2014,Negeri Sembilan,387.8,Male,294.6,0.759669933
2014,Pahang,574.8,Male,449,0.781141267
2014,Pulau Pinang,606.2,Male,479.5,0.790993072
2014,Perak,840.2,Male,612.8,0.729350155
2014,Perlis,81.5,Male,60.7,0.744785276
2014,Selangor,2274,Male,1816.4,0.79876869
2014,Terengganu,371.6,Male,265.7,0.715016146
2014,Sabah,1387,Male,1125.7,0.811607787
2014,Sarawak,948.6,Male,779.5,0.821737297
2014,W.P. Kuala Lumpur,644.2,Male,499.2,0.774914623
2014,W.P. Labuan,32.3,Male,26.2,0.811145511
2014,W.P. Putrajaya,22.4,Male,18.1,0.808035714
2014,Johor,1137.7,Female,554.8,0.487650523
2014,Kedah,676.2,Female,331.6,0.490387459
2014,Kelantan,537.3,Female,251.5,0.468081146
2014,Melaka,296.6,Female,161.5,0.544504383
2014,Negeri Sembilan,354.3,Female,171.9,0.485182049
2014,Pahang,488.3,Female,234.2,0.479623182
2014,Pulau Pinang,596.9,Female,359.7,0.602613503
2014,Perak,805.4,Female,341.4,0.423888751
2014,Perlis,82.7,Female,34.5,0.417170496
2014,Selangor,2069,Female,1217.2,0.588303528
2014,Terengganu,354.1,Female,149.1,0.421067495
2014,Sabah,1238.3,Female,615.2,0.496810143
2014,Sarawak,850.4,Female,452.8,0.532455315
2014,W.P. Kuala Lumpur,625.9,Female,352.8,0.563668318
2014,W.P. Labuan,32.1,Female,14.6,0.45482866
2014,W.P. Putrajaya,28.1,Female,22.2,0.790035587
2015,Johor,1334.2,Male,1023.3,0.766976465
2015,Kedah,716.5,Male,535.1,0.746824843
2015,Kelantan,555.8,Male,394,0.708888089
2015,Melaka,310,Male,233.8,0.754193548
2015,Negeri Sembilan,391.6,Male,295,0.753319714
2015,Pahang,582.3,Male,453.8,0.779323373
2015,Pulau Pinang,614.1,Male,483.7,0.787656733
2015,Perak,848.8,Male,624.2,0.73539114
2015,Perlis,82.8,Male,62.3,0.752415459
2015,Selangor,2318.4,Male,1842.2,0.794599724
2015,Terengganu,378.1,Male,267,0.706162391
2015,Sabah,1405.3,Male,1155,0.821888565
2015,Sarawak,967.7,Male,776.2,0.802108091
2015,W.P. Kuala Lumpur,666.8,Male,502.4,0.75344931
2015,W.P. Labuan,33,Male,25.8,0.781818182
2015,W.P. Putrajaya,22.5,Male,17.3,0.768888889
2015,Johor,1157.1,Female,559.3,0.483363581
2015,Kedah,691,Female,346.5,0.501447178
2015,Kelantan,549.5,Female,258.1,0.469699727
2015,Melaka,303.4,Female,164.5,0.54218853
2015,Negeri Sembilan,357.9,Female,173.8,0.485610506
2015,Pahang,494.3,Female,243.7,0.493020433
2015,Pulau Pinang,607,Female,350.5,0.577429984
2015,Perak,811.8,Female,357.6,0.440502587
2015,Perlis,83.7,Female,35.8,0.427718041
2015,Selangor,2113.5,Female,1292.8,0.611686775
2015,Terengganu,362.2,Female,153.4,0.423522916
2015,Sabah,1265.1,Female,616.2,0.48707612
2015,Sarawak,867.1,Female,438.6,0.505824011
2015,W.P. Kuala Lumpur,635.4,Female,351.1,0.552565313
2015,W.P. Labuan,32.5,Female,13.7,0.421538462
2015,W.P. Putrajaya,28.5,Female,21.2,0.743859649
2016,Johor,1352,Male,1062.9,0.786168639
2016,Kedah,727.5,Male,553.1,0.760274914
2016,Kelantan,570.4,Male,404.6,0.709326788
2016,Melaka,314,Male,236.7,0.753821656
2016,Negeri Sembilan,396.6,Male,297.6,0.750378215
2016,Pahang,590.3,Male,457.9,0.775707267
2016,Pulau Pinang,623,Male,493.5,0.792134831
2016,Perak,857.4,Male,643.6,0.750641474
2016,Perlis,83.6,Male,64.5,0.7715311
2016,Selangor,2358.8,Male,1926.7,0.816813634
2016,Terengganu,387,Male,288,0.744186047
2016,Sabah,1444.7,Male,1221.7,0.845642694
2016,Sarawak,991.7,Male,812.1,0.818896844
2016,W.P. Kuala Lumpur,669.3,Male,503.4,0.75212909
2016,W.P. Labuan,33.4,Male,28.1,0.841317365
2016,W.P. Putrajaya,22.7,Male,17.7,0.779735683
2016,Johor,1175.7,Female,576.2,0.49009101
2016,Kedah,700,Female,357.8,0.511142857
2016,Kelantan,563,Female,253.2,0.44973357
2016,Melaka,307.8,Female,164.1,0.533138402
2016,Negeri Sembilan,362.4,Female,182.1,0.502483444
2016,Pahang,501.8,Female,252.7,0.503587086
2016,Pulau Pinang,616,Female,352,0.571428571
2016,Perak,820.6,Female,379.5,0.462466488
2016,Perlis,84.4,Female,38.7,0.458530806
2016,Selangor,2153,Female,1398.3,0.649465862
2016,Terengganu,370.4,Female,159.2,0.429805616
2016,Sabah,1299.4,Female,705.4,0.542865938
2016,Sarawak,886.5,Female,448,0.50535815
2016,W.P. Kuala Lumpur,637.1,Female,352,0.552503532
2016,W.P. Labuan,33.1,Female,15.5,0.468277946
2016,W.P. Putrajaya,28.7,Female,21.1,0.735191638
2017,Johor,1370.4,Male,1053.9,0.769045534
2017,Kedah,738.9,Male,548.9,0.74286101
2017,Kelantan,584.5,Male,410.5,0.702309666
2017,Melaka,318.4,Male,242.5,0.761620603
2017,Negeri Sembilan,403.3,Male,300.5,0.745102901
2017,Pahang,600.3,Male,455.6,0.758953856
2017,Pulau Pinang,633,Male,487.3,0.769826224
2017,Perak,865,Male,629.7,0.727976879
2017,Perlis,83.7,Male,61.8,0.738351254
2017,Selangor,2389.2,Male,1914.8,0.801439812
2017,Terengganu,396.4,Male,279.6,0.705348133
2017,Sabah,1473.7,Male,1178.4,0.799620004
2017,Sarawak,1007.3,Male,801.2,0.795393627
2017,W.P. Kuala Lumpur,670.2,Male,505.7,0.75455088
2017,W.P. Labuan,33.8,Male,25.7,0.76035503
2017,W.P. Putrajaya,23.4,Male,17.4,0.743589744
2017,Johor,1194.6,Female,562.8,0.47112004
2017,Kedah,709,Female,357.4,0.504090268
2017,Kelantan,575.7,Female,265.6,0.461351398
2017,Melaka,312.2,Female,163.7,0.52434337
2017,Negeri Sembilan,367.6,Female,176.8,0.480957563
2017,Pahang,509.8,Female,234.5,0.459984308
2017,Pulau Pinang,626.7,Female,336.5,0.536939524
2017,Perak,828.1,Female,383.7,0.463349837
2017,Perlis,84.9,Female,36.6,0.431095406
2017,Selangor,2184.2,Female,1444.5,0.661340537
2017,Terengganu,378.7,Female,158.6,0.418801162
2017,Sabah,1327,Female,617.9,0.465636775
2017,Sarawak,901.8,Female,452.5,0.501774229
2017,W.P. Kuala Lumpur,638.8,Female,338.7,0.530212899
2017,W.P. Labuan,33.5,Female,12.8,0.382089552
2017,W.P. Putrajaya,29.5,Female,20.7,0.701694915
2018,Johor,1389,Male,1067.5,0.768538517
2018,Kedah,745.7,Male,557.4,0.747485584
2018,Kelantan,597.6,Male,425.8,0.712516734
2018,Melaka,321.4,Male,242.9,0.755756067
2018,Negeri Sembilan,406.6,Male,301.6,0.741760944
2018,Pahang,608.1,Male,472,0.776188127
2018,Pulau Pinang,640.4,Male,488.6,0.76296065
2018,Perak,870.5,Male,638.6,0.733601379
2018,Perlis,84,Male,65.3,0.777380952
2018,Selangor,2421.2,Male,1942.2,0.802164216
2018,Terengganu,402.7,Male,286.9,0.712441023
2018,Sabah,1496.9,Male,1200.4,0.801923976
2018,Sarawak,1021.4,Male,819.7,0.802525945
2018,W.P. Kuala Lumpur,669.3,Male,489.3,0.731062304
2018,W.P. Labuan,34.2,Male,26.5,0.774853801
2018,W.P. Putrajaya,26.8,Male,17.3,0.645522388
2018,Johor,1216.1,Female,625.8,0.514595839
2018,Kedah,715.5,Female,351.8,0.491684137
2018,Kelantan,586,Female,257.6,0.439590444
2018,Melaka,315.2,Female,173.9,0.551713198
2018,Negeri Sembilan,370.8,Female,187.1,0.504584682
2018,Pahang,516.9,Female,244.7,0.47339911
2018,Pulau Pinang,634,Female,342.2,0.539747634
2018,Perak,835.2,Female,396.2,0.474377395
2018,Perlis,85,Female,38.7,0.455294118
2018,Selangor,2217,Female,1504.5,0.678619756
2018,Terengganu,385.6,Female,160.9,0.417271784
2018,Sabah,1349,Female,625.1,0.463380282
2018,Sarawak,916.8,Female,454.7,0.495964223
2018,W.P. Kuala Lumpur,635.3,Female,335.1,0.527467338
2018,W.P. Labuan,34.1,Female,14.9,0.436950147
2018,W.P. Putrajaya,33.7,Female,21.1,0.62611276
2019,Johor,1383.8,Male,1091,0.78840873
2019,Kedah,747,Male,576,0.771084337
2019,Kelantan,606.4,Male,431.5,0.711576517
2019,Melaka,322.5,Male,251.7,0.780465116
2019,Negeri Sembilan,405.8,Male,301,0.741744702
2019,Pahang,608.3,Male,476.5,0.783330593
2019,Pulau Pinang,642,Male,499.6,0.778193146
2019,Perak,872.7,Male,655.1,0.750658875
2019,Perlis,84.1,Male,65.8,0.782401902
2019,Selangor,2422.8,Male,1953.3,0.806215948
2019,Terengganu,406.8,Male,299.3,0.73574238
2019,Sabah,1501.2,Male,1227.7,0.817812417
2019,Sarawak,1027.7,Male,842.4,0.819694463
2019,W.P. Kuala Lumpur,664.7,Male,487.6,0.733564014
2019,W.P. Labuan,34.1,Male,26.2,0.768328446
2019,W.P. Putrajaya,28.7,Male,17.8,0.620209059
2019,Johor,1224.9,Female,665.2,0.54306474
2019,Kedah,719,Female,347.6,0.483449235
2019,Kelantan,594,Female,250.9,0.422390572
2019,Melaka,317.5,Female,176.6,0.556220472
2019,Negeri Sembilan,372.6,Female,181.5,0.487117552
2019,Pahang,522.2,Female,243,0.465338951
2019,Pulau Pinang,636.2,Female,336,0.528135806
2019,Perak,839.8,Female,388.6,0.462729221
2019,Perlis,84.9,Female,42.8,0.504122497
2019,Selangor,2231.4,Female,1536.2,0.688446715
2019,Terengganu,391.1,Female,171.7,0.439018154
2019,Sabah,1356.9,Female,680.9,0.501805586
2019,Sarawak,929.3,Female,462.3,0.497471215
2019,W.P. Kuala Lumpur,631,Female,353.4,0.560063391
2019,W.P. Labuan,34.4,Female,14.1,0.409883721
2019,W.P. Putrajaya,36.3,Female,20.3,0.55922865
2020,Johor,1529.7,Male,1173.8,0.767340001
2020,Kedah,729.9,Male,583.2,0.799013564
2020,Kelantan,571.2,Male,433.9,0.759628852
2020,Melaka,374.1,Male,245.3,0.65570703
2020,Negeri Sembilan,428.4,Male,284.5,0.664098973
2020,Pahang,575.5,Male,471.9,0.819982624
2020,Pulau Pinang,653,Male,490.2,0.750689127
2020,Perak,896,Male,639.8,0.7140625
2020,Perlis,102.2,Male,64.4,0.630136986
2020,Selangor,2675.1,Male,1912.1,0.714777018
2020,Terengganu,389.9,Male,301.4,0.773018723
2020,Sabah,1215.2,Male,1166.8,0.960171165
2020,Sarawak,899.6,Male,810.1,0.900511338
2020,W.P. Kuala Lumpur,789,Male,508.2,0.644106464
2020,W.P. Labuan,33,Male,26.7,0.809090909
2020,W.P. Putrajaya,31.5,Male,16.5,0.523809524
2020,Johor,1275.9,Female,601.9,0.471745435
2020,Kedah,694.3,Female,331.5,0.477459312
2020,Kelantan,570.1,Female,246.9,0.433081915
2020,Melaka,327.3,Female,172.1,0.525817293
2020,Negeri Sembilan,388.2,Female,189.6,0.488408037
2020,Pahang,491.1,Female,244,0.49684382
2020,Pulau Pinang,622.7,Female,342.7,0.550345271
2020,Perak,798,Female,403,0.505012531
2020,Perlis,102.1,Female,41.2,0.403525955
2020,Selangor,2287,Female,1534.4,0.670922606
2020,Terengganu,367.2,Female,163.6,0.445533769
2020,Sabah,1104.4,Female,702.8,0.636363636
2020,Sarawak,829.2,Female,452.2,0.545344911
2020,W.P. Kuala Lumpur,666.8,Female,366.3,0.549340132
2020,W.P. Labuan,32.4,Female,16.1,0.49691358
2020,W.P. Putrajaya,34.6,Female,19.6,0.566473988
